#{"t_start": 1645334058.9229128, "env_id": "TurtleBot3tentabot_drl-v00"}
r,l,t
8.383734,30,10.1814
-5.280316,18,14.803785
-5.343257,30,21.118071
-3.525662,136,44.551595
-5.495475,24,50.071476
-5.118556,23,55.081318
-4.929849,24,60.501258
-4.844776,29,66.462516
-5.522697,36,73.642631
-4.412787,47,82.497177
-4.912081,42,90.884401
-5.514547,28,97.004178
-4.886325,52,106.731339
-5.368761,29,112.831771
-4.983175,31,119.130018
8.563548,87,134.693721
-4.705773,37,142.204333
-5.513,79,156.339564
-5.648047,73,169.52475
-5.021764,33,176.455864
-5.303785,29,182.454047
-5.213691,32,188.970271
-5.732196,64,202.02495
-5.352193,39,209.68413
-5.218872,11,212.854823
-4.930688,11,215.957058
-4.769616,29,222.024716
-4.517319,145,246.904205
-5.402581,99,264.247033
-4.817536,29,270.263553
-4.964365,88,285.832277
-5.397706,24,290.999544
-4.694339,38,298.628597
-5.138636,11,301.978324
-4.973661,12,305.249177
-5.233713,12,308.660431
-4.977625,19,312.997189
-4.970054,56,323.532914
-4.77333,101,341.255744
-5.058941,56,351.575713
-5.067988,28,357.692997
-4.830529,38,365.185262
-6.434368,114,385.039795
-4.696175,90,402.204151
-5.128958,19,406.887878
-5.198766,14,410.612532
-5.698756,43,419.002719
-4.563321,98,436.293331
-4.912592,24,441.730747
8.544427,51,451.289998
-5.488031,46,460.337109
-5.042222,28,466.339862
-5.15394,20,471.124175
-5.356878,26,476.842155
-5.471939,36,484.239832
-5.251276,24,489.420088
-4.886577,72,502.402514
-4.699928,19,506.822665
-4.858693,12,510.045469
-5.028754,20,514.877995
-5.122305,40,522.623927
-5.543974,47,531.704376
-5.280868,21,536.506906
-5.762784,77,550.379269
-4.888238,13,553.836431
-5.198265,11,557.066773
-5.025775,25,562.67467
-5.547832,61,573.922791
-5.243681,29,580.212492
-5.500757,33,587.109175
-5.572886,161,615.844225
-5.35422,24,621.013798
-5.221355,15,624.718045
-4.869987,46,633.671438
-5.613724,51,643.3609
-5.336346,29,649.356146
-5.397566,20,653.960211
-5.56618,86,669.160963
-5.536621,51,678.76177
-5.228936,16,682.767864
-4.807137,17,686.92351
-4.603258,119,707.476427
-4.904258,21,712.346976
-5.131973,68,724.771272
-5.212484,27,730.808095
-5.164529,41,738.800659
-4.523899,27,744.648454
-4.052081,127,766.458657
-5.08092,38,773.908597
-4.78614,25,779.302487
-5.098738,161,808.279147
-4.570544,99,825.885233
-5.844179,96,843.063684
-4.981639,17,847.350641
-4.636182,34,854.218272
-4.752711,54,864.351245
-5.17795,11,867.695256
-4.809354,13,871.303593
-4.6691,72,884.304211
-5.239668,17,888.396371
-5.079387,30,894.832805
-4.458689,36,902.364081
-4.994175,13,905.878985
-5.096382,42,914.264746
-4.785793,40,922.200979
-5.890164,163,950.085869
-4.900836,19,954.502195
-4.778569,25,959.797618
-4.911429,24,965.097373
-5.413423,32,971.569831
-5.153012,12,974.793115
-4.63108,40,984.182415
-5.515894,150,1009.726987
-5.933147,114,1029.724446
-4.722367,46,1038.801817
-4.93903,20,1043.538909
-5.632587,51,1053.165522
-5.435209,36,1060.380545
-5.633189,43,1068.924162
-4.927312,88,1084.541645
-5.407037,23,1089.538412
-4.882686,51,1099.320233
-5.417097,70,1112.080793
-4.529577,61,1123.284598
-5.268874,16,1127.32756
-6.384092,127,1149.191426
-5.251177,25,1154.505724
-5.543646,55,1166.153543
-5.002642,17,1170.220725
-5.226366,20,1175.072913
-4.649191,102,1192.898509
-5.455526,97,1210.210999
7.948848,251,1252.332937
-3.761522,208,1287.590651
-5.445129,60,1298.847431
-4.869314,86,1314.370397
-4.227961,101,1332.083122
8.591971,61,1344.793233
-5.628233,139,1368.694914
8.64802,92,1384.939826
-5.181724,13,1388.669422
-4.465946,63,1400.27019
-5.762723,100,1417.953864
-5.076325,52,1427.981925
-5.301359,73,1441.427372
-5.266498,24,1446.938209
-5.50332,52,1456.770449
-5.067387,49,1466.06901
-5.319473,28,1471.967979
-5.1785,14,1475.765294
-5.795128,52,1485.783306
-5.364966,32,1492.320815
-5.104944,68,1504.761832
-5.67812,67,1517.132304
-5.334664,62,1528.566711
-4.74559,37,1537.532371
-5.064552,88,1553.139363
-5.036461,100,1570.727731
-5.050594,16,1574.714535
-5.596458,117,1595.250549
-4.839185,61,1606.682117
-4.579514,58,1617.4055
-4.81496,17,1621.455011
-4.838069,183,1652.556699
-5.278669,22,1657.455835
-5.132399,51,1667.42513
-4.778917,25,1672.91115
-5.350349,36,1680.277535
-5.484663,64,1691.97327
-5.148537,13,1695.56799
-4.580786,197,1730.554786
-5.594123,51,1740.324252
-5.291185,25,1745.975574
-4.685724,21,1750.906945
-4.89745,66,1763.223748
-5.152933,25,1768.866889
-5.017119,68,1781.430826
-4.77966,22,1786.515979
-4.74781,121,1807.631506
-5.283468,22,1812.761233
-5.183852,59,1823.965359
-4.892217,49,1833.2543
-5.286846,50,1842.895639
-5.28131,33,1849.828634
-4.71068,58,1860.795611
-5.086626,21,1865.770245
9.17397,100,1883.271782
-5.458595,86,1898.895488
-4.857615,17,1903.21435
-4.557861,41,1912.740622
-5.252978,134,1935.777198
-4.866293,38,1943.219636
-4.694829,23,1948.305941
-5.185664,135,1971.754653
-5.070798,75,1985.367777
-5.109807,28,1991.452976
-4.894601,39,1999.095164
-5.447211,33,2005.793803
-5.684297,57,2016.610476
-5.142475,37,2023.976888
-5.017375,93,2040.264897
-4.701081,68,2052.795819
-5.317873,21,2057.778696
-4.913273,18,2062.087835
-4.778488,19,2066.565719
-5.051995,19,2070.939406
-4.768217,56,2081.432339
-6.19259,12,2084.770218
-4.820676,59,2095.703244
-5.16733,16,2099.8446
8.541032,234,2140.504949
-4.769609,27,2146.293988
-4.866011,125,2168.04432
-4.220983,102,2185.773493
-4.640174,128,2207.974993
-4.921416,9,2210.832155
-5.123292,30,2217.035846
-4.851456,43,2225.655966
-4.446794,45,2234.473551
-5.245981,19,2239.082122
-5.025484,28,2244.945697
-5.401466,75,2258.524796
-5.577631,140,2282.552891
-5.679933,56,2294.440461
8.765721,96,2311.568508
8.745733,139,2335.565873
-4.521615,47,2344.746465
-5.374555,48,2353.871898
-6.008576,95,2370.897186
-5.487295,179,2401.248131
-5.443097,59,2412.306279
-5.336268,43,2420.632569
-5.430948,52,2430.370953
-4.991607,28,2436.552682
-5.559164,51,2446.423481
-4.814478,24,2451.970204
-5.137573,22,2456.909493
-5.025282,32,2463.560584
-5.509373,49,2474.499016
-4.520846,129,2496.705295
-5.208292,227,2534.588874
9.654207,238,2574.588109
-5.127843,91,2590.745389
-4.830864,25,2596.372943
-5.074546,274,2642.304285
-5.875659,137,2666.946985
-5.9899,86,2682.435883
-3.688582,296,2731.550209
8.384042,98,2748.703704
-5.432415,76,2762.301432
-5.582568,41,2770.24383
-6.066475,86,2785.43583
-4.865704,63,2796.981554
-4.103,233,2837.511101
-5.13588,16,2841.469195
-5.114779,76,2855.085872
-4.034359,142,2879.330486
-4.536866,50,2888.725374
-5.210265,28,2894.548447
-5.921456,150,2920.155292
-5.170904,16,2924.252025
-5.590888,52,2934.04102
-4.805866,49,2943.429062
-5.264856,21,2948.208715
-5.273822,27,2953.938182
-5.555968,138,2977.5658
-4.754715,30,2983.865532
-5.107977,11,2986.93527
-5.152033,12,2990.181682
-4.945289,60,3001.247734
-5.203343,115,3022.769548
-5.71481,56,3033.113834
-4.664114,163,3060.878693
-5.296067,39,3068.546433
-4.396161,56,3079.104423
-4.757929,47,3088.316284
-5.060629,78,3102.602283
-5.23999,22,3107.52618
-5.351064,32,3114.403865
-5.098917,25,3119.866155
-5.126057,27,3125.561007
-5.272452,24,3130.840708
-5.027117,13,3134.367132
-5.423601,69,3146.947507
-5.033751,76,3160.831805
-4.262862,131,3183.430687
-4.846515,39,3192.457722
-5.414503,47,3201.389153
-4.310149,60,3212.64839
-4.462871,76,3226.578749
8.760857,78,3240.471295
-5.144666,16,3244.741784
-4.604719,54,3254.753765
-5.13914,21,3259.75443
-5.018649,41,3267.716656
-5.208631,62,3279.037377
-4.7041,35,3286.256227
-4.944907,30,3292.457333
8.415179,50,3301.941275
-5.537558,178,3332.076617
-5.140114,36,3339.269001
-4.138668,98,3356.528203
-5.62516,64,3368.19903
-4.91417,97,3386.80649
-5.307517,108,3405.64009
-6.253708,290,3454.155439
-5.0628,60,3465.319225
-4.917291,21,3470.317178
-5.018372,29,3476.577476
-5.774679,232,3515.641943
-4.779487,229,3555.350542
9.221331,221,3592.474068
-4.558055,81,3607.082077
-4.872784,23,3612.308361
-4.702825,97,3629.426338
-4.709786,70,3642.364216
-5.065854,199,3675.987902
-5.174248,43,3684.391183
-5.264929,19,3689.093007
-5.332137,30,3695.253501
-5.317898,20,3700.154099
-4.799724,24,3705.588626
-4.407002,94,3722.073464
-4.553875,55,3732.499425
-5.998786,519,3818.927882
-3.790782,143,3843.520271
-4.094877,74,3857.132424
-5.040532,68,3869.7639
-4.832753,41,3877.734172
-4.984119,17,3881.810749
8.783441,98,3899.128916
-5.435724,88,3916.259499
-5.346334,263,3960.131977
-5.802878,51,3970.004099
-4.535812,90,3985.82548
-4.038824,278,4032.179227
-5.113598,17,4036.416441
-5.002253,43,4044.846091
-4.665179,131,4067.476064
-5.200412,77,4081.356245
-5.068525,32,4089.462812
-5.467534,43,4097.714966
-5.111403,437,4169.779746
-5.115453,46,4178.671722
-5.435399,240,4218.821747
-4.611652,75,4232.337426
-4.892215,297,4283.044319
-4.884387,172,4312.420895
-4.591863,42,4320.596364
-4.936579,50,4330.224004
-5.177321,22,4335.296216
-4.982853,50,4344.993662
-5.004847,46,4353.963661
-4.567043,96,4370.893695
-4.833336,20,4375.48781
-4.725383,28,4381.337237
-5.309135,27,4387.011152
-4.730569,28,4393.149194
-5.017963,333,4449.789733
-5.273324,50,4459.407468
-4.919854,469,4536.624103
-5.063816,20,4541.193054
-3.867695,97,4558.126717
-5.186035,15,4561.873607
-5.055555,401,4629.191401
-4.804816,51,4639.028568
-4.364199,63,4650.571802
-4.744454,205,4685.338127
-4.907922,103,4703.518957
-4.096044,147,4728.816538
-4.50623,136,4752.53358
-5.179154,396,4819.395863
-4.414801,177,4849.54798
-4.75403,47,4858.524213
-4.818102,32,4865.289813
-5.095901,73,4878.441935
-4.607255,42,4886.729935
8.501008,227,4924.872017
-5.063878,40,4932.645437
-5.088722,38,4940.161333
-4.83213,247,4982.941613
8.485795,294,5031.883124
-4.623364,144,5056.507121
7.889799,495,5139.317686
-4.524893,178,5169.656651
-5.253679,541,5258.760372
-4.88264,20,5263.278229
-5.16783,105,5281.545716
-4.886251,135,5305.980623
-5.399064,62,5317.275653
-4.50945,220,5354.217216
-4.727959,38,5361.994301
-4.698307,228,5400.454963
-5.014947,14,5404.084888
-4.515381,302,5454.524492
-4.565649,33,5461.46593
-4.718006,357,5521.766254
8.688581,101,5539.462331
-5.780013,688,5653.671294
8.437807,64,5665.392617
-5.406841,144,5690.027154
8.473148,54,5700.156946
-5.548457,207,5735.071308
-4.694397,40,5742.922188
-4.894345,126,5764.591439
-5.042762,107,5783.36165
-4.464884,145,5808.047583
-4.862238,117,5829.80408
-5.706303,74,5843.275648
-5.22308,64,5855.065389
-5.191857,17,5859.265505
-4.316347,258,5902.428899
-5.279657,211,5938.027821
8.586954,92,5954.415088
-4.671173,144,5979.174365
8.995061,213,6016.31808
-5.010115,101,6034.155166
8.816075,81,6048.657773
-5.462072,363,6108.699525
-5.058634,41,6116.714018
-4.397657,72,6129.923474
-4.9371,30,6136.080073
-5.446498,303,6187.708956
-4.159773,371,6249.037952
-4.892122,16,6252.933499
-5.480719,105,6271.306089
-4.673257,45,6280.163259
-4.892782,53,6290.345185
-4.679397,304,6342.285364
-4.132493,163,6370.139098
-4.992977,62,6381.478521
-4.697867,73,6394.784039
-5.259355,151,6420.834262
-4.615455,280,6467.347871
-5.919794,814,6601.896636
-5.170616,234,6641.120361
-5.466422,137,6664.846867
-4.707189,55,6676.316434
-5.271205,121,6697.327163
-5.009427,27,6702.963039
8.993353,142,6727.204045
8.919133,183,6758.213516
-4.420937,207,6792.983124
-4.335451,64,6804.771303
8.335332,110,6824.082848
-4.602834,179,6855.680601
-4.677081,254,6897.973044
-4.277884,114,6917.699896
-5.032146,19,6922.260202
-4.146666,269,6967.363492
8.181405,458,7044.339884
-4.549133,108,7063.411594
-4.853808,16,7067.59632
-4.890525,29,7073.696588
-4.700097,33,7080.489854
-6.189461,942,7235.746809
8.7054,199,7269.417825
7.7453,391,7334.179116
-4.809068,72,7347.464084
-4.68208,74,7362.385404
-5.253014,22,7367.555384
-4.985448,33,7374.49367
8.284659,148,7400.088233
-4.976948,295,7449.176639
-5.232941,218,7485.922324
-4.930025,313,7539.173559
-4.776069,347,7596.694251
-5.211473,547,7686.663027
-4.483076,81,7702.494294
-4.903759,59,7713.580348
-6.119672,34,7720.424131
-4.813644,28,7726.568935
-4.504361,114,7746.505124
-4.817605,146,7771.521839
-4.726015,58,7782.213911
-4.763913,16,7786.095378
-5.150393,19,7790.729227
-4.725081,117,7811.127924
-4.499795,63,7822.8503
-4.683443,48,7832.202802
-4.851903,51,7841.783332
8.209957,152,7867.719966
-4.852308,16,7871.771605
9.002335,182,7904.049752
-4.24248,197,7937.325007
8.768729,76,7950.91894
-5.069432,117,7971.120027
-4.954415,21,7975.928801
8.597408,186,8007.399221
-3.811721,239,8047.395737
-4.922351,51,8058.618101
-5.33293,295,8108.02116
-5.781805,426,8178.145453
-4.542623,75,8191.798944
-4.710727,25,8197.498126
8.541163,382,8261.896605
-5.140379,553,8352.845235
-4.827521,66,8365.150323
9.178731,264,8410.797569
-4.467214,68,8423.138638
8.31649,479,8502.115737
-5.337593,24,8507.545404
-4.762546,52,8517.334626
-5.613445,296,8568.275852
8.674659,135,8591.51282
-5.01497,112,8611.03516
8.951817,118,8631.68931
7.22997,640,8738.021071
-5.264221,186,8769.601615
-5.274444,411,8837.513792
-5.059032,141,8861.863651
8.741031,71,8874.906713
-4.459394,71,8887.595384
-3.822177,235,8928.327206
8.681986,89,8944.248868
-5.102936,43,8952.740211
-5.604729,195,8985.99216
8.24172,125,9007.47138
9.47671,144,9032.088184
-4.814455,205,9066.647132
-4.255161,231,9107.048514
-4.623398,135,9130.384716
-5.563964,342,9187.071307
-5.912368,522,9274.587443
-4.545454,218,9311.219257
9.218569,149,9336.635451
8.589193,53,9346.823196
-4.975699,137,9370.640515
8.68705,157,9397.384152
-4.956331,263,9442.730503
-5.014123,202,9476.564868
8.787461,173,9505.877814
8.869563,120,9526.688969
-4.688709,30,9533.123602
-4.069968,105,9551.434854
-5.232763,17,9555.666781
-4.962372,112,9575.136621
9.144598,99,9594.023699
-5.082875,30,9600.180338
8.566509,38,9607.682452
-4.201114,107,9626.340942
8.537561,255,9669.188369
8.898758,174,9698.762919
8.668204,126,9720.600151
-4.778002,30,9727.062813
-7.007582,964,9885.525891
-5.434861,135,9908.703634
-5.375987,390,9974.798181
-5.162588,15,9978.783557
8.687924,106,9997.219006
-4.830807,103,10015.104653
-5.324109,221,10052.010756
-5.531004,703,10168.420588
-4.408256,91,10184.593169
-4.629779,642,10290.949597
9.158632,172,10320.20482
-5.024797,398,10386.256509
8.733934,157,10413.254147
-4.117152,277,10460.881051
-4.915762,175,10490.866776
-4.67777,110,10510.24794
9.252799,177,10540.111946
-4.749085,42,10548.487382
8.67553,90,10564.384609
8.90042,126,10586.077407
-4.806476,122,10608.643515
8.97088,191,10640.855048
-5.270114,40,10648.942149
-4.360702,95,10665.688989
-4.715041,41,10673.71644
8.187375,406,10740.814403
-4.484886,55,10751.206367
8.276536,326,10806.922765
8.156913,21,10811.908554
8.609321,87,10827.328265
-4.866049,43,10835.939968
-4.180123,151,10861.731089
-4.963978,24,10867.02771
-5.060548,369,10928.169405
-5.046328,26,10933.770436
-4.517474,137,10959.07701
-4.885218,92,10975.591563
-4.70896,98,10993.066072
9.305232,388,11057.338398
8.641777,226,11095.225776
8.947423,71,11108.326558
-4.093556,83,11123.248419
-4.937473,441,11197.213312
-4.120187,394,11262.342967
-4.888167,172,11291.731165
-4.566116,334,11348.684427
-4.851087,20,11353.501588
8.538608,198,11387.082965
8.301568,41,11395.098592
-4.837826,16,11399.167063
-4.726175,27,11405.059887
8.784576,164,11433.261058
9.601704,192,11465.95461
-3.553972,143,11491.839933
9.122708,158,11518.892191
-4.012913,197,11552.069953
-4.827444,29,11558.061513
8.881721,197,11591.215873
-4.809454,23,11596.512713
-4.490083,136,11619.809835
8.307964,85,11635.274095
8.657351,53,11645.294821
-5.194261,19,11651.232821
8.825057,76,11664.811938
8.949275,100,11682.378699
-5.136512,95,11699.139584
8.920541,104,11717.330013
8.18957,59,11728.386787
-5.002906,47,11737.273452
-5.113123,29,11743.636016
9.659233,209,11778.674261
8.692297,86,11794.142777
-4.058809,99,11811.659225
9.249954,123,11834.279049
-4.772838,39,11842.101756
-5.633553,84,11857.097962
-4.183852,87,11872.666461
-4.735809,281,11919.811471
8.557774,62,11931.117084
-4.638072,33,11937.729323
8.934744,98,11955.039809
-5.172704,73,11968.183419
-5.41578,75,11981.687675
-4.830279,38,11989.334611
8.812629,177,12020.682165
8.520469,52,12030.435269
-5.276773,71,12043.301544
8.348992,88,12058.831794
-4.940998,489,12139.171756
8.796136,115,12159.326452
8.81562,164,12188.93249
-5.198266,129,12211.28777
-4.7217,27,12217.151505
-5.256264,24,12222.439296
-5.480982,80,12236.724345
-5.178906,28,12242.531808
8.824934,91,12258.809046
-4.893162,39,12266.490041
9.048152,300,12316.633095
-5.075343,63,12328.36769
8.716811,262,12373.706105
-4.111736,129,12395.736201
8.439431,39,12403.391175
8.68819,54,12413.608105
8.267339,130,12436.333519
9.170545,290,12484.816322
8.661729,58,12495.762072
-4.817751,257,12539.948537
-5.240706,128,12562.148
-4.743684,218,12598.881161
-4.722449,56,12609.521581
9.182053,141,12633.633495
-5.254266,56,12644.267364
-5.089691,38,12651.807017
-4.734671,41,12659.874601
-4.408065,87,12675.481934
8.966488,79,12689.667222
8.284218,52,12699.772907
8.599688,125,12722.853686
-4.852218,73,12736.204077
-4.790091,163,12763.935229
-4.933245,16,12767.926418
8.913564,132,12790.729017
8.695964,91,12806.935874
8.856038,109,12826.074228
-4.95729,400,12893.831165
-4.937801,50,12903.216358
-4.907636,51,12912.817284
-4.083665,223,12950.145431
-3.681219,189,12982.375915
-5.122101,56,12992.86192
8.646133,180,13023.462687
8.60155,164,13051.34978
-4.181663,172,13082.153802
-4.69004,37,13089.672411
8.508156,38,13097.323596
8.58937,84,13112.500433
-5.176135,30,13119.021564
-4.392975,54,13129.309324
8.417479,139,13153.265881
-5.126961,95,13170.153689
8.850809,99,13187.402586
-5.188789,38,13195.173764
-4.574222,28,13201.097643
8.65077,208,13237.657763
-4.371426,140,13261.681537
-4.326792,123,13283.100808
-4.579063,51,13292.859273
9.079111,112,13312.513966
9.330892,168,13341.118509
-5.338922,59,13352.043855
-4.869122,49,13361.231803
-4.909666,366,13423.518404
9.025584,108,13442.501275
-4.888971,34,13449.568828
-4.612992,79,13463.648397
-4.554673,285,13510.946254
7.918921,182,13541.760795
8.678425,161,13569.452077
-4.80663,101,13588.736767
-4.654041,322,13642.154046
-4.591323,73,13655.400436
-4.319104,529,13742.335089
8.624934,66,13755.904992
9.193685,95,13773.006756
-4.669096,161,13800.422364
9.014602,128,13822.448627
8.689075,262,13866.344907
-4.94497,24,13871.800229
-4.547221,67,13884.134787
-4.346794,60,13895.351002
9.367873,109,13914.464563
-5.295714,102,13934.031558
-4.747652,52,13944.092984
-4.781323,47,13953.172073
-5.155272,39,13960.80055
-4.600556,60,13971.923339
9.235947,134,13994.925404
9.165598,282,14042.231601
-4.727408,41,14050.252831
9.386536,114,14070.200138
8.521736,84,14085.276333
-5.006114,23,14090.669101
8.771617,47,14099.836565
-4.702489,48,14108.981028
-4.483199,191,14142.975992
-5.242885,47,14152.183
9.140391,98,14169.462429
-5.193331,28,14175.570957
-5.10446,151,14201.395345
-3.643815,170,14230.392091
9.665779,157,14257.388248
8.50926,180,14289.235245
-3.843573,104,14307.461811
9.665097,200,14341.169062
8.212474,104,14359.382438
-4.357771,73,14372.630875
-4.592777,160,14399.798487
-4.412076,99,14417.63586
9.655991,178,14447.747247
9.602489,171,14478.247052
-4.839086,34,14484.997715
-4.63324,55,14495.428278
-4.817416,25,14500.910285
9.69375,111,14520.546657
9.569158,224,14558.215505
8.474468,75,14571.930404
9.006868,142,14596.397442
8.656101,89,14612.281715
9.615095,260,14657.235435
-3.633954,125,14678.842577
-3.427808,168,14707.415661
-5.065189,17,14711.711637
-4.696359,95,14728.647111
-5.249368,29,14734.778444
8.507497,140,14758.866304
-4.446702,72,14771.822501
-4.579713,156,14798.564522
-5.221774,24,14803.942158
-3.941847,278,14851.725236
8.23833,54,14861.794411
-4.624507,216,14898.413299
9.409769,133,14921.555314
-4.592585,34,14928.313725
-5.117081,30,14934.75271
-5.499137,289,14982.84753
-4.735242,29,14990.249354
-4.411727,41,14998.486505
9.55137,236,15037.922294
-5.112197,27,15043.71844
8.984928,87,15059.205431
-4.7864,117,15079.755679
8.553114,56,15090.471504
-4.595153,136,15113.891025
9.477722,146,15139.175905
9.464457,170,15169.357532
-4.301516,160,15196.849379
-4.281286,158,15223.701057
8.43104,38,15231.382259
9.179938,158,15258.594044
-5.38575,219,15295.485102
-4.660544,168,15324.014271
-3.283939,156,15351.901526
8.685599,46,15360.766448
-4.558234,43,15369.295736
-4.144444,180,15399.658261
8.881921,61,15410.835329
9.748945,155,15437.46911
-4.868561,27,15443.376017
-3.529302,130,15465.914855
-4.226199,156,15492.485343
-5.039558,44,15500.970809
-5.274464,231,15541.132177
-4.67423,22,15546.257341
8.640184,166,15574.565964
-3.827026,90,15590.469017
9.018519,87,15605.935045
9.306443,128,15627.982431
-5.138114,33,15634.919022
9.38213,94,15651.44803
-4.028985,167,15679.989694
-4.860975,31,15686.347621
-4.890057,23,15691.69738
-4.614603,55,15703.067467
-3.798083,104,15721.277277
8.703996,316,15773.929152
-4.849613,30,15780.160053
8.764435,134,15803.255342
-5.141772,57,15814.117495
-4.14842,104,15832.595518
8.732421,158,15859.727464
-4.695766,30,15866.02005
-4.682432,180,15897.844753
-4.381653,72,15910.979845
-5.000396,17,15915.1128
-4.786797,32,15921.647527
9.567409,176,15951.7239
-3.786405,147,15977.183665
9.171935,121,15998.203876
8.790697,55,16008.606655
-4.113865,176,16038.236735
8.721926,81,16054.079698
9.374875,191,16086.517812
-3.569122,160,16113.896935
-4.528011,88,16129.502674
-5.435195,97,16146.419728
9.186836,117,16166.569428
8.641793,231,16205.29279
9.503917,107,16225.24984
-5.160654,11,16228.571196
-4.83662,24,16233.791479
8.713352,154,16260.032381
9.482256,108,16279.135189
-4.84487,26,16284.665002
-4.893437,24,16289.9568
8.883681,55,16300.356994
8.568534,103,16318.498461
9.034415,116,16338.885769
-4.892289,230,16377.59931
-4.929718,38,16385.091221
-3.683351,98,16403.776295
9.199013,132,16426.674682
-4.5045,234,16465.871103
9.386912,155,16492.39988
8.944362,155,16518.956045
-5.047347,35,16526.223549
-5.203121,125,16547.815514
9.47356,114,16567.930565
-4.833378,85,16584.428728
8.815344,44,16592.909893
-4.70537,49,16602.235892
9.121523,140,16626.412508
-3.91362,291,16675.146352
-5.233637,33,16682.126605
-4.661236,42,16690.544401
-5.099745,45,16699.371562
8.334194,39,16706.949013
-4.845822,53,16717.10337
-4.709165,141,16741.347662
9.153413,112,16762.449183
9.943739,190,16794.81446
9.772783,151,16820.867305
9.146024,383,16884.364137
-4.681858,30,16890.478168
-4.851726,24,16895.859316
-4.924895,324,16950.856421
8.281713,96,16967.672866
-4.911263,13,16971.261645
-4.467554,115,16991.284273
-4.568262,146,17016.454819
-5.113897,38,17023.930685
9.693377,137,17047.409965
8.430049,38,17054.84866
9.278727,170,17083.724318
8.893861,160,17112.37828
-4.808968,26,17118.19647
8.955873,118,17138.776908
8.391767,36,17146.291522
8.54025,64,17158.046381
9.513481,172,17187.238453
-4.177548,135,17210.724448
-4.793975,34,17217.520627
8.730232,87,17233.271076
8.439917,83,17248.0418
8.790971,88,17263.713601
9.362196,88,17279.46942
8.380599,76,17294.476791
-4.634939,42,17302.639067
8.533464,48,17311.923464
9.546741,109,17331.171859
9.876119,201,17365.287534
-4.52515,488,17445.62641
9.026493,131,17469.751844
8.719526,219,17506.528105
8.335096,39,17514.169411
-4.023812,180,17544.639256
-4.56555,83,17559.324831
-4.932843,46,17568.226432
-4.737361,25,17573.614581
-5.299427,32,17580.463854
8.270925,59,17591.606314
8.993715,103,17609.869374
9.059682,129,17633.883609
-4.935021,72,17646.82174
-4.651921,83,17661.631468
-4.925594,20,17666.437204
9.207046,165,17694.496351
9.329735,163,17722.308794
8.583765,93,17738.759204
8.668374,55,17749.159423
9.775032,142,17773.596168
9.070725,141,17797.869322
-4.669638,55,17808.164365
8.871638,70,17822.436361
-4.83325,26,17827.966962
8.583928,59,17838.949578
-3.488576,186,17870.31474
-5.125663,17,17874.602832
-5.017985,17,17878.940321
-4.361435,112,17898.713686
8.827904,115,17918.631771
-4.716008,139,17942.824408
8.510575,82,17957.561107
9.121954,118,17978.129079
-4.512754,173,18008.922109
-4.925395,33,18015.5073
9.142878,173,18044.789505
9.002224,171,18073.872921
8.862448,111,18093.094993
8.625332,162,18120.729733
8.569041,88,18136.578787
8.692006,166,18166.27968
-4.661607,52,18175.931028
-4.028925,130,18198.596516
9.397775,220,18235.540363
8.972239,130,18257.847867
-4.698414,80,18272.25977
8.901756,161,18299.808509
-4.56091,148,18325.416687
8.763281,126,18348.528342
9.446574,129,18370.680847
8.832208,138,18394.454411
8.620186,45,18403.202034
8.475997,80,18417.410359
8.987028,91,18433.430135
8.767973,211,18469.217109
-4.702124,42,18477.452606
8.657413,182,18508.286839
-4.748165,101,18527.312139
8.502124,115,18547.217471
-4.924617,30,18553.549502
-3.625975,142,18577.92972
8.904084,74,18591.403492
9.198348,129,18613.539032
9.474965,159,18640.850497
-4.010517,94,18657.393227
-4.757651,64,18669.29054
9.178478,89,18685.111282
-4.925301,13,18688.7599
9.599557,195,18722.997138
9.168643,169,18751.90211
-5.045925,75,18765.728676
9.24031,140,18789.737119
9.055507,119,18810.312996
-4.307859,113,18830.074049
9.091092,127,18852.077715
-4.464153,148,18878.872399
-5.6546,119,18899.457807
-4.475652,59,18910.240546
-4.599652,232,18949.21832
-4.646077,50,18958.942053
8.444888,70,18971.770765
9.502382,191,19004.371473
-4.70829,34,19011.395995
-5.12397,21,19016.231342
-4.946841,16,19020.391932
-5.217825,23,19025.477008
-5.228583,35,19032.423703
8.51902,58,19043.176469
9.214032,131,19067.141974
8.730599,81,19081.627929
-4.86998,32,19088.141701
-4.846362,20,19092.651484
9.320951,104,19111.010411
8.676067,67,19123.537677
-4.668133,60,19134.866664
8.808192,119,19155.462495
9.312699,89,19171.195429
9.542549,146,19196.263272
9.038015,120,19217.115275
-4.333063,69,19230.949982
9.580036,135,19254.209009
-4.707833,49,19263.547117
8.82668,123,19284.87611
-4.295456,69,19297.53528
9.451698,145,19322.676415
-4.807366,35,19329.766151
8.376454,114,19349.888877
-4.799959,22,19354.961118
8.856684,83,19369.907396
8.707804,84,19385.042128
8.330253,154,19413.031589
8.988845,122,19434.050974
-3.896095,205,19468.849146
8.731071,99,19486.400507
8.318523,53,19496.358729
10.013349,226,19534.526216
-4.961553,211,19570.040511
8.864368,176,19601.526787
-4.840787,22,19606.616769
-5.092122,38,19614.227722
-5.055982,37,19621.581024
-4.947072,29,19627.734702
9.136484,215,19664.017153
9.002703,91,19680.386812
-4.880289,16,19684.542628
-4.847593,19,19689.158645
8.633469,124,19710.725068
9.264342,189,19743.089172
-4.810135,17,19747.219576
-4.83606,17,19751.399741
8.60245,130,19775.397235
8.827192,42,19783.794605
8.206229,126,19805.599062
9.237215,138,19829.215055
-4.957606,42,19837.546513
8.857854,162,19865.249851
-4.515805,69,19877.896857
-5.005759,30,19884.364568
8.765528,117,19904.825106
9.183165,114,19924.501826
8.726281,88,19940.19183
-4.355182,60,19952.689311
-3.618518,121,19973.699558
-4.04968,71,19986.685729
8.769752,91,20002.93373
-3.741101,81,20017.713351
-4.846135,11,20021.048679
-4.920873,25,20026.364837
-5.130434,20,20031.024639
-4.533699,35,20038.013807
8.419655,72,20051.28663
-4.755677,32,20057.806463
8.585266,99,20075.445403
-4.89771,28,20081.332394
-3.932133,173,20110.69448
-4.201429,51,20120.529242
8.727361,49,20131.284202
9.025722,154,20157.849164
-4.187907,150,20183.608347
-4.57434,99,20201.261258
9.155745,74,20214.516085
-3.761414,81,20229.120276
8.783888,41,20237.297171
-4.164907,127,20259.160444
-5.080387,25,20264.783386
8.632202,59,20275.789546
-4.567945,61,20287.065205
8.632922,53,20297.051644
8.758889,82,20313.27339
8.947602,94,20330.019464
-4.808596,13,20333.518245
8.848866,139,20357.46509
-5.19567,53,20367.459586
-4.685486,28,20373.611617
9.533337,133,20396.687738
8.668718,58,20407.728569
-5.145459,29,20413.729089
8.964373,52,20423.731266
8.478254,44,20432.398936
-4.742994,52,20442.1167
-5.236535,38,20449.63475
-4.448711,156,20476.266383
-4.854173,15,20480.237077
8.764569,99,20499.134034
9.069376,108,20517.989061
9.34326,144,20542.856392
-3.797267,112,20562.197204
-5.176868,17,20566.557312
8.615612,47,20575.550702
-3.71254,122,20596.908543
8.840731,77,20610.862182
9.181578,113,20630.378335
9.007808,76,20644.159663
8.814996,58,20654.847033
9.008231,95,20671.614445
9.007453,98,20690.421506
9.227799,68,20702.761729
-4.518538,60,20713.852835
8.152828,121,20734.812294
8.252806,56,20745.157229
9.661213,168,20773.669474
-3.587971,133,20796.771613
-5.238899,46,20805.479253
9.112665,100,20822.970487
9.226704,101,20840.973741
8.759441,84,20857.589205
8.727162,100,20875.415394
9.304849,129,20897.720919
8.936379,168,20926.398842
-4.752761,33,20933.137753
9.571997,148,20958.386174
-5.15877,30,20964.724886
8.313885,254,21007.056862
8.666651,195,21041.515704
-4.39323,125,21063.141654
9.172929,112,21082.640193
-3.75606,90,21098.533468
-4.881091,55,21109.022934
8.34212,32,21115.462095
8.788811,85,21130.700131
-4.824246,23,21135.949478
8.772171,128,21157.948856
8.913729,106,21176.513084
8.961723,51,21186.344858
-4.875761,33,21193.22509
-5.130583,25,21198.814294
-4.769409,37,21206.492437
9.505339,148,21233.165133
8.447825,62,21244.461343
9.273002,123,21265.687363
8.669902,95,21282.404268
8.647946,61,21293.584131
-4.539155,120,21314.603606
-4.448906,63,21326.350314
8.730341,57,21337.092959
8.623853,85,21352.320968
-4.844291,22,21357.485301
-4.568942,54,21367.553741
-4.410634,33,21374.1871
8.854953,83,21388.944774
9.291016,102,21408.258075
-4.855887,28,21414.086036
-3.763657,109,21433.079545
9.506803,109,21452.348713
8.944241,75,21465.877246
9.726772,163,21493.498483
8.23433,121,21514.573672
8.90331,118,21534.962401
9.048286,181,21565.706899
9.172651,98,21584.364234
-4.274181,171,21613.380995
8.61888,62,21624.969474
8.721119,120,21645.792162
-4.967091,38,21653.34499
8.848433,99,21670.588465
-4.852057,31,21677.034962
9.602166,111,21696.666693
-4.28969,54,21706.70958
9.063665,91,21723.047893
-4.831639,74,21736.57945
8.776245,68,21750.582192
8.695209,75,21764.075954
8.908867,58,21775.06445
-4.992405,17,21779.080914
-4.72655,37,21786.480899
8.692244,97,21803.677964
9.233089,103,21821.840936
-4.907044,27,21827.728112
8.394449,61,21839.07633
9.126555,107,21857.82568
-4.696222,33,21864.677222
-4.858575,20,21869.265661
-3.925989,99,21886.874413
9.430543,106,21905.502739
8.518902,85,21920.514548
8.703269,92,21938.166189
-4.368056,59,21949.33711
8.964059,145,21974.238236
-4.869831,26,21979.860101
8.514458,49,21989.448982
-4.923899,62,22000.937491
8.888643,77,22015.16991
8.930007,96,22032.194033
9.602032,164,22060.170674
9.830526,151,22086.066942
9.114218,75,22099.722795
9.002181,160,22128.507904
8.287068,32,22135.282112
9.041055,107,22154.300056
8.878851,94,22170.84001
-4.900247,105,22189.148665
-5.302363,38,22196.756529
8.667316,64,22208.497898
8.848456,167,22236.919646
9.350959,184,22268.16292
8.800523,78,22282.035823
-4.702155,37,22291.215832
9.511085,119,22311.77772
-4.517945,47,22320.912711
8.951227,81,22335.293188
-4.395075,115,22355.430104
8.626103,97,22372.451157
9.394881,96,22389.391673
8.829653,60,22400.53217
-4.134197,91,22416.669844
-4.239019,228,22455.18187
9.12647,123,22477.700083
-5.210058,43,22485.987957
9.260859,131,22508.499698
9.262748,156,22534.95915
-4.07583,102,22553.131599
8.695246,80,22567.603969
-5.265625,37,22574.834307
8.631811,332,22629.901385
8.773839,122,22652.581325
8.865607,66,22664.85568
8.876118,102,22682.880728
8.762391,74,22696.578879
8.754457,57,22707.191092
9.111324,108,22726.045864
-4.115535,97,22743.087725
9.571844,130,22765.517235
-4.247827,57,22776.156508
8.974777,88,22791.724515
-4.883778,13,22795.324746
8.671949,131,22818.103374
9.611013,119,22840.460469
9.37208,219,22877.061708
-4.911695,139,22900.914253
8.814157,144,22925.635729
-4.818961,48,22934.846207
8.476699,86,22950.099347
-3.795286,149,22975.713487
-4.71628,43,22984.00047
8.855319,97,23002.628498
9.042543,81,23016.976592
-4.615661,56,23027.484283
8.612892,56,23037.89555
-5.018433,19,23042.536986
8.586386,56,23052.856975
8.768001,56,23063.418631
9.208923,88,23079.116893
8.807492,55,23089.450687
9.390823,86,23104.963349
-4.998617,34,23111.975076
9.582845,148,23137.444902
-5.081088,36,23144.745259
9.223605,167,23173.10489
9.525539,161,23201.936349
9.659306,99,23219.368303
-4.778547,49,23228.77206
-5.116559,30,23235.188953
9.324529,131,23257.72074
-4.55478,42,23266.023275
-4.880324,35,23273.00007
-5.17655,20,23277.842258
9.24176,90,23293.964781
8.843882,100,23311.568356
8.90721,135,23334.811013
9.305006,89,23350.615113
-5.094523,16,23354.548192
-3.724263,108,23374.753048
8.927176,49,23384.317961
-3.192639,134,23407.361355
-4.905533,12,23410.851809
8.423231,75,23424.380521
8.39801,31,23430.836797
-4.906016,16,23434.883415
-4.501847,48,23444.062754
9.360044,92,23460.397819
9.68328,100,23477.944048
8.4703,39,23485.659946
8.528005,49,23495.247874
9.359271,85,23510.447928
9.784675,101,23528.077107
9.413258,118,23549.828732
8.643862,51,23559.49728
9.014153,72,23572.488281
8.490637,60,23583.505709
-4.712898,29,23589.58391
9.033661,148,23614.857878
8.707612,82,23629.633846
-4.993509,15,23633.618677
8.428969,75,23647.054882
-4.769988,76,23660.569179
-4.278565,69,23673.093053
8.197477,19,23677.771429
9.947331,165,23706.08952
-5.288055,28,23712.019029
9.442911,99,23730.75198
-4.696986,38,23738.563264
-4.73016,24,23743.99352
8.286292,74,23757.224517
9.115226,87,23772.781461
9.305616,135,23796.215014
9.544504,132,23818.855162
9.645122,95,23835.551802
-4.937574,41,23843.512517
9.356055,92,23860.104215
8.961674,74,23873.427913
8.634438,62,23884.828451
8.21071,151,23912.037415
-4.452868,41,23920.204517
8.506933,79,23934.524755
8.711653,71,23947.73143
8.609031,128,23969.773247
9.285738,116,23989.880383
-4.967839,17,23993.998484
-4.675368,37,24001.340059
-3.954049,121,24022.228846
8.171054,28,24028.171517
-5.051287,15,24032.065256
-4.803469,19,24036.636688
9.190463,213,24072.377221
-4.783078,23,24077.729489
8.641325,69,24090.176151
9.079932,80,24106.078229
9.739364,120,24126.723378
-3.521381,108,24145.572629
9.484471,128,24167.850353
8.888358,130,24190.155016
9.252501,116,24210.560815
9.638201,163,24238.317371
-4.885448,19,24243.043534
9.967045,148,24269.588304
8.952351,112,24289.244583
9.031756,111,24308.404298
9.673151,155,24334.866188
8.651242,55,24345.260557
-4.807383,28,24351.154973
-4.618598,56,24361.491827
9.004061,105,24380.055592
-4.618422,37,24387.282822
8.72117,73,24400.634947
-5.006651,32,24407.223454
8.62425,294,24457.739357
8.492029,57,24468.371759
8.15507,15,24472.20116
9.180266,123,24493.608401
-4.494574,77,24507.390942
9.39473,77,24521.323649
9.002345,90,24537.176229
9.485343,154,24563.559246
8.459066,42,24571.904318
8.840279,70,24584.770171
8.23771,122,24606.220026
9.119723,98,24623.65041
-4.251485,146,24650.300666
-5.161702,189,24682.168762
8.648796,441,24755.032059
-5.188185,17,24759.419669
-4.109664,76,24773.120802
9.123746,52,24783.004709
-4.691629,43,24791.626269
-4.5209,40,24799.634737
8.59627,62,24812.364231
9.229849,83,24827.471617
10.007303,194,24860.49092
9.305696,112,24880.059695
8.821424,70,24892.871585
8.880445,72,24905.930439
-4.989742,39,24913.782602
9.129163,105,24932.268918
9.515673,152,24958.251003
-5.026606,24,24963.482767
8.763462,124,24986.474426
-5.05932,19,24990.86994
-3.592073,91,25006.893817
9.725357,169,25035.656903
9.145209,99,25052.903688
8.848774,45,25061.892813
9.223301,159,25088.992735
10.092898,161,25116.668412
8.568481,107,25135.320155
-5.034129,13,25138.82924
8.160303,108,25157.662712
9.365085,79,25173.105565
-5.057536,34,25180.262631
8.477494,41,25188.511274
-5.190575,52,25198.469064
9.429563,83,25213.250584
8.836889,66,25225.549311
8.695097,67,25237.82902
9.463092,109,25256.760747
9.191694,79,25271.001137
9.478608,122,25292.011556
9.137927,99,25309.416862
-5.224523,30,25315.83103
9.754085,121,25336.790239
-4.869103,56,25348.619076
8.972081,115,25368.55388
9.375383,110,25387.660041
-4.910407,17,25391.770676
9.165705,118,25412.392568
-5.076403,55,25422.890427
9.739896,139,25446.878557
8.774944,53,25456.877773
9.12645,105,25475.421235
8.313899,116,25495.810308
9.087653,115,25515.755639
9.209012,81,25531.944132
9.470737,129,25554.387944
-3.936744,80,25568.853178
9.853283,147,25594.229512
-4.811407,24,25599.59737
-4.11253,85,25614.654565
8.957904,72,25627.843488
8.982501,98,25645.176056
-4.772358,29,25651.31475
8.525895,121,25672.148454
9.305354,140,25696.330589
8.979949,120,25718.696108
9.407153,127,25740.698399
-4.737903,32,25747.377098
-5.040469,25,25752.746917
9.339365,118,25773.159491
-5.116082,28,25779.110658
-4.672421,37,25786.407604
9.234086,124,25807.970149
8.659208,68,25820.547187
-4.550097,62,25832.052766
-4.528637,40,25840.073722
9.885635,145,25865.196563
8.461528,31,25871.503553
-4.93526,17,25875.690676
9.648533,106,25895.613181
-5.09446,90,25911.72181
8.383102,109,25930.925198
8.799067,84,25945.899571
9.941409,128,25968.106687
9.195801,117,25988.680444
-4.701999,203,26023.009687
-4.938443,17,26027.112079
8.666835,70,26039.898732
-4.502812,38,26047.575671
-3.793091,112,26068.523597
-4.722155,48,26077.692404
-4.660197,144,26102.633197
-4.184161,99,26120.068901
-4.580745,106,26138.670672
9.136572,104,26156.920106
-4.921514,24,26162.297831
-4.858331,21,26167.195922
-3.723446,194,26200.038033
-3.62583,89,26215.679589
8.279531,18,26220.138774
9.727467,104,26238.276665
9.679131,164,26267.677731
9.465482,113,26287.190872
-4.866839,39,26294.731837
-5.147277,60,26305.824784
-5.028041,174,26335.672822
9.213612,184,26366.892417
-4.645695,60,26377.907526
8.866647,63,26389.448122
8.800596,189,26422.863794
-4.771718,26,26428.45342
8.520629,75,26442.104891
-4.86889,44,26450.880824
-4.665189,26,26456.484498
8.633827,88,26472.107204
-4.282019,137,26495.49474
-4.747401,28,26501.62132
9.029966,92,26517.963154
9.028449,63,26529.446641
8.694439,81,26543.847355
